"","SpringArea","SummerArea","FallArea","WinterArea","Overlap"
"p_value",0,0,0.01,0,0
"empirical",0.106064076537273,0.0262361052189879,0.0996812664154174,NA,0
"sim1",0.357871056239699,0.329096038390709,0.136008855271412,NA,4.11089792995044
"sim2",0.24587844921607,0.403066893046154,0.1171334992254,NA,3.52170787611026
"sim3",0.345278900180883,0.185564407701816,0.270806347488382,NA,3.8913312916136
"sim4",0.301043727846237,0.315572287676574,0.185633858860316,NA,3.7020712216793
"sim5",0.216304815733283,0.389135164504842,0.22774877881215,NA,4.05667841852951
"sim6",0.329494425534613,0.152674657072731,0.332303693485913,NA,3.58758865945388
"sim7",0.208723743648769,0.362002299178871,0.107610647878702,NA,2.75716984371623
"sim8",0.179451740049286,0.187573367801352,0.357871056239699,NA,3.75096614112316
"sim9",0.125771627962439,0.345027573302041,0.268284390782685,NA,3.71515891201526
"sim10",0.27677268478197,0.241454131589185,0.314040768697333,NA,3.56527573677966
"sim11",0.206961173071372,0.140874222306274,0.197442485440299,NA,2.30290680435722
"sim12",0.320598723911297,0.235139790082744,0.248477213895487,NA,3.91790443498294
"sim13",0.156393315357832,0.232136242596397,0.301391148167315,NA,3.41972158458105
"sim14",0.262109106007502,0.37563456512723,0.274983887350144,NA,4.26993168952695
"sim15",0.200464296268413,0.200626171155592,0.297838516427448,NA,2.98205420688676
"sim16",0.22489545875262,0.219473573683455,0.343221820699402,NA,3.32175323086009
"sim17",0.409419327110439,0.282460011722186,0.123077247819222,NA,3.72975484802729
"sim18",0.27192392576309,0.341435577427894,0.21204299837974,NA,3.370612592663
"sim19",0.252024456609167,0.303190096079855,0.166778787203074,NA,2.98905223693176
"sim20",0.284033900800096,0.313471593322282,0.216947663309664,NA,3.59688805511982
"sim21",0.283125180307015,0.220040814141983,0.313327582189637,NA,3.5890007617584
"sim22",0.319837896934601,0.343964397710195,0.148622945073319,NA,3.68684360509683
"sim23",0.268868871155686,0.355220749410442,0.274233076303571,NA,4.27878775953201
"sim24",0.268868871155686,0.310813000188334,0.21935291193882,NA,3.80663807487332
"sim25",0.126283457700551,0.272066682235963,0.451885800283664,NA,3.8029552291044
"sim26",0.246125994897154,0.378610534953857,0.12088340589177,NA,2.8556388291194
"sim27",0.239538794555025,0.36500789186901,0.16107004602128,NA,2.9541632368916
"sim28",0.25508468334858,0.222486937228171,0.257724484086221,NA,3.88738308000515
"sim29",0.214793493565414,0.414146263711662,0.22526705534273,NA,4.11236191796498
"sim30",0.251003999581427,0.256860875012859,0.303509192144551,NA,3.75480563828861
"sim31",0.32454797429665,0.193058289081564,0.199442578141987,NA,3.81252394909146
"sim32",0.310251479323891,0.22088456072672,0.272330653637324,NA,3.5063340935415
"sim33",0.200889849931266,0.274189241596776,0.192469289722398,NA,3.51779263397421
"sim34",0.268089926056893,0.380475812602492,0.217598766316236,NA,3.95111971474217
"sim35",0.271722203762182,0.223246684324447,0.32133392822981,NA,3.55057131537495
"sim36",0.196253636130341,0.144642735161728,0.243323515044066,NA,1.93317135428753
"sim37",0.378610534953857,0.109117074843275,0.278534949891859,NA,3.51476117908416
"sim38",0.195254360581025,0.157835343101501,0.307172649083261,NA,2.74772834605668
"sim39",0.234116698697165,0.267022047478064,0.235238830681621,NA,3.44105170384728
"sim40",0.377323614286256,0.194582385287055,0.26863970864564,NA,3.72454299105008
"sim41",0.208231782144418,0.301572369292963,0.357812206330523,NA,4.28636392017194
"sim42",0.322936115519216,0.248280749900415,0.189777289156247,NA,2.77228383776214
"sim43",0.265423419981198,0.246496207001447,0.275953202908241,NA,3.60474935347556
"sim44",0.362189707532636,0.211119127051863,0.140360363030429,NA,3.24354831125021
"sim45",0.367255682520769,0.218011493438751,0.217983191490748,NA,3.39326172596641
"sim46",0.199159522033716,0.340181944381104,0.230869019024871,NA,3.55140060520666
"sim47",0.28975482762816,0.195110464365503,0.311540916721208,NA,3.18707223557998
"sim48",0.215527978289529,0.228681268969863,0.269590048698779,NA,3.26299495130069
"sim49",0.336561144405009,0.233425223562196,0.237206165822205,NA,3.9308902673791
"sim50",0.180040657706604,0.344560326486482,0.29600126777646,NA,3.79180081941551
"sim51",0.332473329786616,0.289067730849147,0.119888522348051,NA,2.87530143205333
"sim52",0.248585498755431,0.274344597275044,0.189744993268816,NA,2.63901322325444
"sim53",0.30040380654683,0.335584329015269,0.17627046314069,NA,3.55515730259099
"sim54",0.232516394730859,0.298887709918705,0.354319156516285,NA,4.19359943380035
"sim55",0.364301915461229,0.254310218571246,0.246320503186473,NA,3.96486474602166
"sim56",0.256094316172269,0.275963251725643,0.18463685309255,NA,2.85474874381492
"sim57",0.134200469709329,0.312390402576252,0.382214221771479,NA,3.50493681489168
"sim58",0.272139182717533,0.351004861047377,0.154081620877342,NA,2.72145231570107
"sim59",0.221771848904129,0.123007822736633,0.359838783553774,NA,2.44576770499085
"sim60",0.223493812728542,0.31766848031201,0.248112855182534,NA,3.33942874447544
"sim61",0.266160596890206,0.274189241596776,0.28843248550162,NA,3.78537598711986
"sim62",0.250436330279133,0.343333553729555,0.186796439835907,NA,3.53345231858369
"sim63",0.280336872034352,0.295859459384701,0.174408434841208,NA,3.36126027599158
"sim64",0.306453365691454,0.315882859624645,0.201814099868278,NA,3.49929043246011
"sim65",0.257423726674532,0.202786836737626,0.298231689395001,NA,3.95197248617844
"sim66",0.208852326110415,0.259773675103716,0.33446904432355,NA,3.2836897643593
"sim67",0.294970063051903,0.252151858239231,0.224875096919415,NA,3.54088262997996
"sim68",0.187935519257783,0.443023670540407,0.20839305993057,NA,3.9804916546473
"sim69",0.254764442467385,0.281300104029508,0.22420998249085,NA,3.35960553027248
"sim70",0.201983962743969,0.354286801242881,0.068589146343951,NA,2.16075357380389
"sim71",0.156699389365387,0.264885164645702,0.302631622390695,NA,3.38493706660255
"sim72",0.186009125100872,0.303059074339643,0.294770620387928,NA,3.33351252627231
"sim73",0.251848985366529,0.272205481542812,0.348902032982754,NA,4.03628113163187
"sim74",0.312326049883553,0.24325223570509,0.305178957203552,NA,4.38242646438885
"sim75",0.228910935204275,0.318775139363026,0.207601374019179,NA,3.43978241432237
"sim76",0.296074724806631,0.276607746817754,0.236480765732306,NA,3.66721380592867
"sim77",0.169360763831673,0.297039530113272,0.268034115672787,NA,2.91270596658897
"sim78",0.223310782992203,0.152855496237597,0.285449289078905,NA,3.04213833028009
"sim79",0.282447924199196,0.223694975344662,0.327592853682735,NA,3.67098661142755
"sim80",0.291868561024519,0.333073797487532,0.270226281672554,NA,4.23163743358377
"sim81",0.284019246319484,0.221908023480057,0.278829303464126,NA,4.01522543110151
"sim82",0.259696346170603,0.36987964419918,0.226049156694512,NA,4.05702203370648
"sim83",0.246871026725025,0.299918665998821,0.163948691459472,NA,2.32096860256805
"sim84",0.349346216130372,0.181337941664071,0.292670285927717,NA,3.20908575842386
"sim85",0.166751599313874,0.225697903929596,0.278514566060385,NA,3.71288051364017
"sim86",0.203315517192883,0.379024445247928,0.174492705491183,NA,3.54731328663448
"sim87",0.145915464260888,0.346798729787323,0.176297628062142,NA,2.1754659616355
"sim88",0.304181334450428,0.266672100407302,0.216167622893826,NA,3.7372277433729
"sim89",0.348262092909177,0.281623011268813,0.241923095722672,NA,3.87878933015705
"sim90",0.290645613390746,0.452659328616937,0.103626134256608,NA,3.58100477880298
"sim91",0.304181334450428,0.176789088086728,0.248832494149417,NA,3.05480990063343
"sim92",0.406814363837223,0.189849308528778,0.185157635879185,NA,3.74049713180546
"sim93",0.215527978289529,0.265823407964941,0.187414813597074,NA,2.77760465852654
"sim94",0.427374085172466,0.277469088775839,0.167704266768578,NA,4.22872281657395
"sim95",0.273897887322736,0.360206074901793,0.120596590538772,NA,3.5207867822967
"sim96",0.262123533929807,0.354640634138805,0.24822817383761,NA,4.17271158609628
"sim97",0.178997291270684,0.29306627204317,0.311406262385663,NA,4.03603194419577
"sim98",0.241758823132826,0.331638124234506,0.187660335564119,NA,3.41574652842839
"sim99",0.123196401219085,0.228050362380504,0.21783886756904,NA,1.50219784318235
